score,label,Start time,End time,Video_Name,Result
0.764202356338501,okn,0,2,okn_17.mp4,1
0.9579967856407166,okn,1,3,okn_17.mp4,1
0.81339031457901,okn,2,4,okn_17.mp4,1
